gravity,chi_kappa,n_nodes,length,B0,rhoA,chi_g,chi_E,E_total,E_bend,E_shear,E_stretch,E_grav,curv_mean,curv_std,curv_min,curv_max,curv_abs_max,D_geo_hat,mode_score,tip_deflection,tip_slope,inflection_count
1.0,0.0,201,1.0,1.0,1.0,0.0,0.0,-0.025000733392847432,0.02436806385372562,0.0,0.0,-0.04936879724657305,-0.16333358164270717,0.1477017282165796,-0.48757499882404587,0.0,0.48757499882404587,0.0,6.092015780723159e-12,-0.12250321858766063,-0.16293131194633478,0.0
1.0,0.02,201,1.0,1.0,1.0,0.0,0.0,0.0897985254350982,0.03547932260040409,0.0,0.0,0.0543192028346941,0.24503574527527053,0.12701511864094875,-0.03629023142821097,0.41461541230327725,0.41461541230327725,2.1808474492347214,0.01918273078422572,0.15156230626027611,0.2455287402210624,1.0
1.0,0.04,201,1.0,1.0,1.0,0.0,0.0,0.42936257143643863,0.2713553682549759,0.0,0.0,0.1580072031814627,0.6534050761771989,0.37175237430475344,-0.07258046286005992,1.240957000016607,1.240957000016607,4.361694920385606,0.014085809978882868,0.425627831108213,0.6539887923884596,1.0
1.0,0.06,201,1.0,1.0,1.0,0.0,0.0,0.9936914002169664,0.7319961969592882,0.0,0.0,0.26169520325767825,1.061774403613887,0.6229099141521683,-0.1088706942828336,2.0789790677391693,2.0789790677391693,6.54254237323792,0.01290590977280881,0.6996933559561533,1.0624488445558846,1.0
1.0,0.08,201,1.0,1.0,1.0,0.0,0.0,1.7827850319918972,1.417401828016801,0.0,0.0,0.3653832039750962,1.4701437400321744,0.8749763716661216,-0.1451609257104448,2.9245405739142694,2.9245405739142694,8.723389874858206,0.012380596272449362,0.9737588808040863,1.470908896723254,1.0
1.0,0.1,201,1.0,1.0,1.0,0.0,0.0,2.7966434337266333,2.3275722297777994,0.0,0.0,0.46907120394883384,1.8785130671086112,1.1273422198371454,-0.18145115714287385,3.7775694614613715,3.7775694614613715,10.9042373270349,0.012083430922184668,1.247824405652001,1.8793689488906455,1.0
