{
  "script": "analysis/03_iec_discriminators.py",
  "timestamp": "2025-11-05T10:17:11.076653",
  "git_sha": "d67d388",
  "random_seed": 1337,
  "parameters": {
    "panel_a": {
      "chi_kappa_range": [
        0.0,
        0.005,
        0.01,
        0.015,
        0.02,
        0.025,
        0.03,
        0.035,
        0.04,
        0.045,
        0.05,
        0.055,
        0.06
      ],
      "node_drifts_mm": [
        0,
        0,
        0,
        0,
        0,
        0,
        0,
        0,
        0,
        0,
        0,
        0,
        0
      ],
      "wavelengths_mm": [
        0.0,
        0.0,
        0.0,
        0.0,
        0.0,
        0.0,
        0.0,
        0.0,
        0.0,
        0.0,
        0.0,
        0.0,
        0.0
      ],
      "mean_wavelength_mm": NaN
    },
    "panel_b": {
      "chi_E_range": [
        -0.3,
        -0.25,
        -0.2,
        -0.15,
        -0.1,
        -0.05000000000000002,
        0.0,
        0.04999999999999999,
        0.09999999999999998,
        0.14999999999999997,
        0.19999999999999996,
        0.24999999999999994,
        0.3
      ],
      "amplitudes_deg": [
        65.4808908720941,
        61.11549814728781,
        57.2957795130823,
        53.92543954172458,
        50.92958178940656,
        48.249077484700905,
        45.83662361046588,
        43.65392724806275,
        41.66965782769624,
        39.857933574318146,
        38.19718634205489,
        36.66929888837268,
        35.25894123881989
      ],
      "baseline_amplitude_deg": 45.83662361046588
    },
    "panel_c": {
      "gradI_range": [
        0.0,
        0.005,
        0.01,
        0.015,
        0.02,
        0.025,
        0.03,
        0.035,
        0.04,
        0.045,
        0.05,
        0.055,
        0.06,
        0.065,
        0.07,
        0.075,
        0.08,
        0.085,
        0.09,
        0.095,
        0.1
      ],
      "thresholds_active": [
        0.2,
        0.199,
        0.198,
        0.197,
        0.196,
        0.195,
        0.194,
        0.193,
        0.192,
        0.191,
        0.19,
        0.189,
        0.188,
        0.187,
        0.186,
        0.185,
        0.184,
        0.183,
        0.18200000000000002,
        0.181,
        0.18
      ],
      "thresholds_baseline": [
        0.2,
        0.2,
        0.2,
        0.2,
        0.2,
        0.2,
        0.2,
        0.2,
        0.2,
        0.2,
        0.2,
        0.2,
        0.2,
        0.2,
        0.2,
        0.2,
        0.2,
        0.2,
        0.2,
        0.2,
        0.2
      ],
      "delta_b": 0.1,
      "chi_f": 0.05,
      "reduction_pct_at_max_gradI": 10.000000000000009
    }
  },
  "figure_spec": {
    "dpi": 300,
    "width_inches": 18,
    "height_inches": 5,
    "format": "PNG + PDF",
    "n_panels": 3
  }
}