gravity,gravity_label,countercurvature_energy,shape_preservation_index,D_geo,D_geo_norm
9.81,1g,5.0753221911958786e-05,7389297.828561574,0.2214948985516483,0.1639406235496502
0.5,0.05g,5.0523387609822674e-05,20.57866660208817,0.22152247010597748,0.16414130079082076
0.05,0.005g,5.051229996257196e-05,19.601566418569494,0.22152380400404398,0.16415101246622094
